acao;brinco_faec;brinco_fazenda;fotos_que_vao_junto;animal_id;produtor_atual;produtor_novo
trocar de produtor;0001;0973 CW V 1551;1;1;ALEXANDRE BEZERRA ALENCAR [ID 2];FRANCISCO ERMERSON FERREIRA BEZERRA [ID 10]
trocar de produtor;0002;V 1452;1;2;ALEXANDRE BEZERRA ALENCAR [ID 2];JOSÉ MARDONE PINHEIRO [ID 11]
trocar de produtor;0003;V 1458;1;3;ALEXANDRE BEZERRA ALENCAR [ID 2];FRANCISCO ERMERSON FERREIRA BEZERRA [ID 10]
trocar de produtor;0005;V 1953;0;5;ALEXANDRE BEZERRA ALENCAR [ID 2];JOÃO BARRETO DA SILVA NETO [ID 8]
trocar de produtor;0006;X 0264;1;6;ANTÔNIO MINEIRO NETO [ID 3];JOSÉ MARDONE PINHEIRO [ID 11]
trocar de produtor;0007;V 1778;1;7;ANTÔNIO MINEIRO NETO [ID 3];ALEXANDRE BEZERRA ALENCAR [ID 2]
trocar de produtor;0008;V 1891;1;8;ANTÔNIO MINEIRO NETO [ID 3];FRANCISCO ERMERSON FERREIRA BEZERRA [ID 10]
trocar de produtor;0009;1049 CW V1776;1;9;ANTÔNIO MINEIRO NETO [ID 3];JOÃO BARRETO DA SILVA NETO [ID 8]
trocar de produtor;0010;V 1950;1;10;ANTÔNIO MINEIRO NETO [ID 3];JOSE BRUNO SOARES OLIVEIRA [ID 7]
trocar de produtor;0011;V 1958;2;11;FELIPE VITORIANO SINDEAUX [ID 4];JOÃO BARRETO DA SILVA NETO [ID 8]
trocar de produtor;0012;X 0195;1;12;FELIPE VITORIANO SINDEAUX [ID 4];JOSE BRUNO SOARES OLIVEIRA [ID 7]
trocar de produtor;0013;V 1845;0;13;FELIPE VITORIANO SINDEAUX [ID 4];JOSE BRUNO SOARES OLIVEIRA [ID 7]
trocar de produtor;0014;X 0182;1;14;FELIPE VITORIANO SINDEAUX [ID 4];JOSÉ MARDONE PINHEIRO [ID 11]
trocar de produtor;0015;V 1841;1;15;FELIPE VITORIANO SINDEAUX [ID 4];JOÃO BARRETO DA SILVA NETO [ID 8]
trocar de produtor;0016;V 1732;1;16;FRANCISCO ANTONIO BARBOSA DOS SANTOS [ID 5];JOSÉ MARDONE PINHEIRO [ID 11]
trocar de produtor;0017;V 1533;1;17;FRANCISCO ANTONIO BARBOSA DOS SANTOS [ID 5];JOÃO BARRETO DA SILVA NETO [ID 8]
trocar de produtor;0018;V 1821;0;18;FRANCISCO ANTONIO BARBOSA DOS SANTOS [ID 5];ALEXANDRE BEZERRA ALENCAR [ID 2]
trocar de produtor;0019;V 1930;1;19;FRANCISCO ANTONIO BARBOSA DOS SANTOS [ID 5];FRANCISCO ERMERSON FERREIRA BEZERRA [ID 10]
trocar de produtor;0020;V 1980;1;20;FRANCISCO ANTONIO BARBOSA DOS SANTOS [ID 5];JOSÉ MARDONE PINHEIRO [ID 11]
trocar de produtor;0021;V 1449;1;21;FRANCISCO ERMERSON FERREIRA BEZERRA [ID 10];ALEXANDRE BEZERRA ALENCAR [ID 2]
trocar de produtor;0022;V 1548;1;22;FRANCISCO ERMERSON FERREIRA BEZERRA [ID 10];JOSE BRUNO SOARES OLIVEIRA [ID 7]
trocar de produtor;0023;V 1993;1;23;FRANCISCO ERMERSON FERREIRA BEZERRA [ID 10];JOSE BRUNO SOARES OLIVEIRA [ID 7]
trocar de produtor;0024;V 1812;1;24;FRANCISCO ERMERSON FERREIRA BEZERRA [ID 10];ALEXANDRE BEZERRA ALENCAR [ID 2]
trocar de produtor;0026;V 1921;1;26;FRANCISCO VALDERY ALVES DE MAGALHÃES [ID 6];ANTÔNIO MINEIRO NETO [ID 3]
trocar de produtor;0027;V 1863;1;27;FRANCISCO VALDERY ALVES DE MAGALHÃES [ID 6];FRANCISCO ANTONIO BARBOSA DOS SANTOS [ID 5]
trocar de produtor;0028;V 1955;1;28;FRANCISCO VALDERY ALVES DE MAGALHÃES [ID 6];FRANCISCO ANTONIO BARBOSA DOS SANTOS [ID 5]
trocar de produtor;0029;V 1957;1;29;FRANCISCO VALDERY ALVES DE MAGALHÃES [ID 6];WOLLACE AMÂNCIO SINDEAUX [ID 9]
trocar de produtor;0031;X 0096;1;31;JOÃO BARRETO DA SILVA NETO [ID 8];FRANCISCO ANTONIO BARBOSA DOS SANTOS [ID 5]
trocar de produtor;0032;V 1697;1;32;JOÃO BARRETO DA SILVA NETO [ID 8];FELIPE VITORIANO SINDEAUX [ID 4]
trocar de produtor;0034;V 1892;0;34;JOÃO BARRETO DA SILVA NETO [ID 8];FELIPE VITORIANO SINDEAUX [ID 4]
trocar de produtor;0035;V 1464;1;35;JOÃO BARRETO DA SILVA NETO [ID 8];FELIPE VITORIANO SINDEAUX [ID 4]
trocar de produtor;0036;V 1956;1;36;JOSE BRUNO SOARES OLIVEIRA [ID 7];FELIPE VITORIANO SINDEAUX [ID 4]
trocar de produtor;0037;V 1962;1;37;JOSE BRUNO SOARES OLIVEIRA [ID 7];ANTÔNIO MINEIRO NETO [ID 3]
trocar de produtor;0039;V 1864;1;39;JOSE BRUNO SOARES OLIVEIRA [ID 7];FRANCISCO ANTONIO BARBOSA DOS SANTOS [ID 5]
trocar de produtor;0040;V 1834;1;40;JOSE BRUNO SOARES OLIVEIRA [ID 7];WOLLACE AMÂNCIO SINDEAUX [ID 9]
trocar de produtor;0041;X 0038;1;41;JOSÉ MARDONE PINHEIRO [ID 11];WOLLACE AMÂNCIO SINDEAUX [ID 9]
trocar de produtor;0042;X 0138;1;42;JOSÉ MARDONE PINHEIRO [ID 11];WOLLACE AMÂNCIO SINDEAUX [ID 9]
trocar de produtor;0043;V 1805;1;43;JOSÉ MARDONE PINHEIRO [ID 11];ANTÔNIO MINEIRO NETO [ID 3]
trocar de produtor;0045;V 1996;1;45;JOSÉ MARDONE PINHEIRO [ID 11];ANTÔNIO MINEIRO NETO [ID 3]
trocar de produtor;0047;V 1977;1;47;WOLLACE AMÂNCIO SINDEAUX [ID 9];FRANCISCO VALDERY ALVES DE MAGALHÃES [ID 6]
trocar de produtor;0048;V 1908;1;48;WOLLACE AMÂNCIO SINDEAUX [ID 9];ANTÔNIO MINEIRO NETO [ID 3]
trocar de produtor;0049;V 1799;1;49;WOLLACE AMÂNCIO SINDEAUX [ID 9];FRANCISCO ANTONIO BARBOSA DOS SANTOS [ID 5]
trocar de produtor;0050;V 1374;1;50;WOLLACE AMÂNCIO SINDEAUX [ID 9];FELIPE VITORIANO SINDEAUX [ID 4]
trocar de produtor;0051;V 1507;1;51;ANA PAULA MOTA SARAIVA LEÃO [ID 17];MARCELO SANTOS GOMES [ID 19]
trocar de produtor;0052;V 1694;1;52;ANA PAULA MOTA SARAIVA LEÃO [ID 17];FRANCISCO JOELMI CAVALCANTE DE LIMA [ID 12]
trocar de produtor;0053;V 1789;1;53;ANA PAULA MOTA SARAIVA LEÃO [ID 17];MARCELO SANTOS GOMES [ID 19]
trocar de produtor;0054;V 1848;0;54;ANA PAULA MOTA SARAIVA LEÃO [ID 17];PATRÍCIA GUIMARÃES PIMENTEL [ID 20]
trocar de produtor;0055;V 1303;1;55;ANA PAULA MOTA SARAIVA LEÃO [ID 17];JOSÉ SIDINEIDE ALVES PATRÍCIO [ID 13]
trocar de produtor;0056;V 1860;1;56;ANTONIO GILVAN CAVALCANTE DE SOUSA [ID 15];PATRÍCIA GUIMARÃES PIMENTEL [ID 20]
trocar de produtor;0057;V 1320;1;57;ANTONIO GILVAN CAVALCANTE DE SOUSA [ID 15];JOSÉ SIDINEIDE ALVES PATRÍCIO [ID 13]
trocar de produtor;0058;V 1865;1;58;ANTONIO GILVAN CAVALCANTE DE SOUSA [ID 15];JOSÉ SIDINEIDE ALVES PATRÍCIO [ID 13]
trocar de produtor;0059;V 1476;1;59;ANTONIO GILVAN CAVALCANTE DE SOUSA [ID 15];FRANCISCO ELIAS PATRÍCIO [ID 14]
trocar de produtor;0060;V 1938;1;60;ANTONIO GILVAN CAVALCANTE DE SOUSA [ID 15];FRANCISCO ELIAS PATRÍCIO [ID 14]
trocar de produtor;0061;V 1419;1;61;ANTONIO JOSÉ LIMA DE ALMEIDA [ID 22];FRANCISCO ELIAS PATRÍCIO [ID 14]
trocar de produtor;0062;V 1911;1;62;ANTONIO JOSÉ LIMA DE ALMEIDA [ID 22];MARCELO SANTOS GOMES [ID 19]
trocar de produtor;0063;V 1130;1;63;ANTONIO JOSÉ LIMA DE ALMEIDA [ID 22];FRANCISCO ELIAS PATRÍCIO [ID 14]
trocar de produtor;0064;V 1846;1;64;ANTONIO JOSÉ LIMA DE ALMEIDA [ID 22];FRANCISCO JOELMI CAVALCANTE DE LIMA [ID 12]
trocar de produtor;0065;X 0088;1;65;ANTONIO JOSÉ LIMA DE ALMEIDA [ID 22];PATRÍCIA GUIMARÃES PIMENTEL [ID 20]
trocar de produtor;0066;V 1896;1;66;CIRILO VIDAL PESSOA [ID 21];PATRÍCIA GUIMARÃES PIMENTEL [ID 20]
trocar de produtor;0067;V 1696;1;67;CIRILO VIDAL PESSOA [ID 21];FRANCISCO JOELMI CAVALCANTE DE LIMA [ID 12]
trocar de produtor;0068;X 0164;1;68;CIRILO VIDAL PESSOA [ID 21];FRANCISCO JOELMI CAVALCANTE DE LIMA [ID 12]
trocar de produtor;0069;X 0190;1;69;CIRILO VIDAL PESSOA [ID 21];FRANCISCO JOELMI CAVALCANTE DE LIMA [ID 12]
trocar de produtor;0070;V 1668;1;70;CIRILO VIDAL PESSOA [ID 21];MARCELO SANTOS GOMES [ID 19]
trocar de produtor;0071;V 1746;1;71;FRANCISCO ELIAS PATRÍCIO [ID 14];JOSÉ SIDINEIDE ALVES PATRÍCIO [ID 13]
trocar de produtor;0072;V 1868;1;72;FRANCISCO ELIAS PATRÍCIO [ID 14];MARCELO SANTOS GOMES [ID 19]
trocar de produtor;0074;X 0042;1;74;FRANCISCO ELIAS PATRÍCIO [ID 14];PATRÍCIA GUIMARÃES PIMENTEL [ID 20]
trocar de produtor;0075;X 0085;1;75;FRANCISCO ELIAS PATRÍCIO [ID 14];JOSÉ SIDINEIDE ALVES PATRÍCIO [ID 13]
trocar de produtor;0076;V 1939;1;76;FRANCISCO JOELMI CAVALCANTE DE LIMA [ID 12];FRANCISCO PERICLES SARAIVA NOGUEIRA [ID 16]
trocar de produtor;0077;V 1889;1;77;FRANCISCO JOELMI CAVALCANTE DE LIMA [ID 12];ANA PAULA MOTA SARAIVA LEÃO [ID 17]
trocar de produtor;0078;V 1673;1;78;FRANCISCO JOELMI CAVALCANTE DE LIMA [ID 12];FRANCISCO PERICLES SARAIVA NOGUEIRA [ID 16]
trocar de produtor;0079;V 1828;1;79;FRANCISCO JOELMI CAVALCANTE DE LIMA [ID 12];ANTONIO JOSÉ LIMA DE ALMEIDA [ID 22]
trocar de produtor;0080;V 1504;1;80;FRANCISCO JOELMI CAVALCANTE DE LIMA [ID 12];ANTONIO GILVAN CAVALCANTE DE SOUSA [ID 15]
trocar de produtor;0081;U 1551;1;81;FRANCISCO PERICLES SARAIVA NOGUEIRA [ID 16];ANTONIO GILVAN CAVALCANTE DE SOUSA [ID 15]
trocar de produtor;0082;V 1903;1;82;FRANCISCO PERICLES SARAIVA NOGUEIRA [ID 16];ANTONIO JOSÉ LIMA DE ALMEIDA [ID 22]
trocar de produtor;0083;V 1829;1;83;FRANCISCO PERICLES SARAIVA NOGUEIRA [ID 16];CIRILO VIDAL PESSOA [ID 21]
trocar de produtor;0084;V 1988;1;84;FRANCISCO PERICLES SARAIVA NOGUEIRA [ID 16];CIRILO VIDAL PESSOA [ID 21]
trocar de produtor;0085;V 1739;1;85;FRANCISCO PERICLES SARAIVA NOGUEIRA [ID 16];ANA PAULA MOTA SARAIVA LEÃO [ID 17]
trocar de produtor;0086;V 1559;1;86;JOSÉ SIDINEIDE ALVES PATRÍCIO [ID 13];ANTONIO GILVAN CAVALCANTE DE SOUSA [ID 15]
trocar de produtor;0087;V 1444;0;87;JOSÉ SIDINEIDE ALVES PATRÍCIO [ID 13];ANTONIO JOSÉ LIMA DE ALMEIDA [ID 22]
trocar de produtor;0088;V 1531;1;88;JOSÉ SIDINEIDE ALVES PATRÍCIO [ID 13];ANTONIO JOSÉ LIMA DE ALMEIDA [ID 22]
trocar de produtor;0089;V 1771;1;89;JOSÉ SIDINEIDE ALVES PATRÍCIO [ID 13];FRANCISCO PERICLES SARAIVA NOGUEIRA [ID 16]
trocar de produtor;0090;V 1588;1;90;JOSÉ SIDINEIDE ALVES PATRÍCIO [ID 13];ANA PAULA MOTA SARAIVA LEÃO [ID 17]
trocar de produtor;0091;V 1628;1;91;MARCELO SANTOS GOMES [ID 19];ANTONIO GILVAN CAVALCANTE DE SOUSA [ID 15]
trocar de produtor;0092;V 1395;1;92;MARCELO SANTOS GOMES [ID 19];CIRILO VIDAL PESSOA [ID 21]
trocar de produtor;0094;V 1975;1;94;MARCELO SANTOS GOMES [ID 19];ANTONIO JOSÉ LIMA DE ALMEIDA [ID 22]
trocar de produtor;0095;V 1744;1;95;MARCELO SANTOS GOMES [ID 19];ANTONIO GILVAN CAVALCANTE DE SOUSA [ID 15]
trocar de produtor;0096;V 1197;1;96;PATRÍCIA GUIMARÃES PIMENTEL [ID 20];ANA PAULA MOTA SARAIVA LEÃO [ID 17]
trocar de produtor;0098;V 1852;1;98;PATRÍCIA GUIMARÃES PIMENTEL [ID 20];CIRILO VIDAL PESSOA [ID 21]
trocar de produtor;0099;X 0050;1;99;PATRÍCIA GUIMARÃES PIMENTEL [ID 20];ANA PAULA MOTA SARAIVA LEÃO [ID 17]
trocar de produtor;0100;V 1913;1;100;PATRÍCIA GUIMARÃES PIMENTEL [ID 20];CIRILO VIDAL PESSOA [ID 21]
